{
    "SINCH.ST": 7.4134474,
    "SWED-A.ST": 8.595047,
    "SEB-A.ST": 9.725627,
    "SHB-A.ST": 9.889937,
    "BOL.ST": 9.956241,
    "ELUX-B.ST": 10.544807,
    "VOLV-B.ST": 10.7084055,
    "SKF-B.ST": 11.145309,
    "ESSITY-B.ST": 13.737509,
    "KINV-B.ST": 14.019011,
    "SAND.ST": 14.546346,
    "SBB-B.ST": 14.55068,
    "ERIC-B.ST": 14.643993,
    "TELIA.ST": 15.095808,
    "GETI-B.ST": 15.834143,
    "TEL2-B.ST": 16.608795,
    "HM-B.ST": 17.084538,
    "INVE-B.ST": 18.584127,
    "ALFA.ST": 20.59801,
    "ASSA-B.ST": 20.817726,
    "SCA-B.ST": 20.900608,
    "SAAB-B.ST": 23.51187,
    "NIBE-B.ST": 25.817238,
    "ATCO-A.ST": 26.018274,
    "NDA-SE.ST": 89.20296,
    "EVO.ST": 138.60287,
    "AZN.ST": 155.37056,
    "HEXA-B.ST": 226.07579,
    "ABB.ST": 233.38312
}